2303; 0.1345016143556263; -260; 134; -68; -61; -178; -42; -123; -60; nan; nan; 372; 104; 41; -22
2307; 0.2690032287112526; -274; 158; -63; -56; -164; -35; -96; -53; nan; nan; nan; nan; -11; -18
2311; 0.4035048430668789; -264; 172; -61; -42; -156; -31; -36; -45; nan; nan; 508; 80; -131; -58
2315; 0.5380064574225052; -272; 168; -61; -44; -138; -12; -3; -39; nan; nan; 540; 80; -258; -99
2319; 0.6725080717781315; -278; 156; -63; -46; -140; -12; -3; -39; nan; nan; 528; 80; -324; -94
2323; 0.8070096861337578; -274; 146; -63; -47; -144; -15; -20; -45; nan; nan; 516; 80; -294; -107
2327; 0.941511300489384; -280; 139; -68; -51; -144; -17; -20; -45; nan; nan; 508; 80; -258; -116
2331; 1.0760129148450104; -280; 139; -68; -51; -146; -19; -27; -47; nan; nan; 500; 80; -245; -112
2335; 1.2105145292006367; -282; 138; -70; -51; -148; -19; -32; -50; nan; nan; 500; 80; -228; -112
2339; 1.345016143556263; -278; 138; -68; -51; -148; -19; -32; -47; nan; nan; 495; 80; -221; -126
2343; 1.4795177579118892; -278; 138; -68; -54; -150; -21; -32; -47; nan; nan; 492; 80; -210; -121
2347; 1.6140193722675156; -276; 123; -66; -54; -152; -21; -36; -50; nan; nan; 488; 80; -210; -112
2351; 1.748520986623142; -280; 120; -68; -54; -148; -24; -36; -50; nan; nan; 488; 80; -210; -103
2355; 1.883022600978768; -286; 134; -68; -54; -148; -21; -36; -53; nan; nan; 492; 78; -204; -112
2359; 2.0175242153343946; -290; 130; -66; -51; -150; -24; -27; -53; nan; nan; 512; 75; -210; -121
2363; 2.1520258296900208; -274; 122; -63; -56; -150; -24; -20; -53; nan; nan; 524; 69; -240; -143
2367; 2.286527444045647; -274; 122; -66; -65; -146; -21; -16; -60; nan; nan; 512; 57; -264; -148
2371; 2.4210290584012735; -254; 66; -60; -76; -146; -35; -27; -77; nan; nan; 484; 42; -270; -162
2375; 2.5555306727568996; -230; 53; -58; -84; -150; -40; -40; -90; nan; nan; 455; 33; -215; -184
2379; 2.690032287112526; -220; 42; -56; -88; -144; -49; -52; -98; nan; nan; 432; 26; -180; -166
2383; 2.8245339014681523; -204; 55; -48; -81; -142; -56; -60; -105; nan; nan; 408; 21; -161; -148
2387; 2.9590355158237784; -198; 74; -48; -77; -144; -56; -56; -102; nan; nan; 412; 23; -138; -139
2391; 3.093537130179405; -204; 80; -50; -76; -138; -51; -52; -95; nan; nan; 420; 33; -155; -99
2395; 3.228038744535031; -224; 72; -53; -74; -138; -46; -52; -87; nan; nan; nan; nan; -168; -94
2399; 3.3625403588906573; -214; 112; -51; -65; -138; -46; -60; -84; nan; nan; nan; nan; -174; -85
2403; 3.497041973246284; -214; 112; -51; -63; -144; -44; -52; -74; nan; nan; nan; nan; -155; -85
2407; 3.63154358760191; -220; 107; -51; -63; -138; -35; -47; -69; nan; nan; 435; 59; -180; -58
2411; 3.766045201957536; -212; 112; -50; -65; -138; -31; -47; -66; nan; nan; 435; 63; -185; -49
2415; 3.9005468163131627; -218; 90; -50; -68; -140; -33; -43; -66; nan; nan; 444; 51; -185; -49
2419; 4.035048430668789; -212; 82; -48; -76; -136; -42; -36; -77; nan; nan; 452; 30; -198; -54
2423; 4.169550045024415; -206; 66; -46; -86; -136; -42; -23; -92; nan; nan; 464; 2; -215; -94
2427; 4.3040516593800415; -206; 31; -46; -92; -134; -44; -12; -114; nan; nan; 472; -23; -270; -202
2431; 4.438553273735668; -196; -28; -48; -102; -128; -60; -12; -135; nan; nan; 464; -45; -245; -265
2435; 4.573054888091294; -216; -17; -48; -102; -130; -68; -16; -156; nan; nan; 468; -57; -245; -297
2439; 4.707556502446921; -216; -17; -48; -106; -120; -76; -7; -159; nan; nan; 475; -66; -276; -314
2443; 4.842058116802547; -212; -14; -43; -104; -126; -72; 0; -177; nan; nan; 484; -74; -306; -328
2447; 4.976559731158173; -214; -14; -41; -104; -126; -72; 4; -167; nan; nan; 484; -81; -311; -319
2451; 5.111061345513799; -208; -14; -41; -104; -120; -72; 4; -167; nan; nan; 488; -81; -318; -319
2455; 5.245562959869425; -214; -15; -43; -104; -123; -76; 4; -167; nan; nan; 488; -81; -311; -319
2459; 5.380064574225052; -212; -28; -41; -104; -126; -74; 4; -171; nan; nan; 484; -81; -311; -319
2463; 5.5145661885806785; -212; -28; -41; -104; -122; -72; 4; -171; nan; nan; 488; -81; -311; -328
2467; 5.649067802936305; -210; -14; -41; -104; -122; -72; 7; -171; nan; nan; 492; -84; -318; -328
2471; 5.783569417291931; -218; -17; -41; -104; -116; -72; 12; -171; nan; nan; 492; -87; -318; -328
2475; 5.918071031647557; -218; -17; -41; -104; -118; -72; 7; -171; nan; nan; 492; -84; -318; -333
2479; 6.052572646003183; -214; -17; -41; -104; -120; -72; 7; -171; nan; nan; 488; -84; -311; -328
2483; 6.18707426035881; -216; -17; -41; -104; -120; -72; 12; -171; nan; nan; 488; -87; -318; -324
2487; 6.321575874714436; -216; -17; -41; -106; -118; -72; 7; -171; nan; nan; 488; -84; -318; -328
2491; 6.456077489070062; -196; -15; -41; -106; -118; -74; 7; -171; nan; nan; 488; -84; -318; -328
2495; 6.590579103425688; -216; -17; -41; -104; -122; -74; 7; -171; nan; nan; 488; -84; -318; -328
2499; 6.7250807177813146; -216; -17; -43; -106; -118; -72; 7; -171; nan; nan; 484; -84; -311; -324
2503; 6.859582332136942; -214; -38; -43; -106; -116; -72; 4; -171; nan; nan; 484; -84; -311; -324
2507; 6.994083946492568; -214; -40; -43; -104; -116; -72; 4; -171; nan; nan; 488; -81; -311; -328
2511; 7.128585560848194; -216; -17; -43; -106; -120; -74; 4; -171; nan; nan; 488; -81; -311; -328
2515; 7.26308717520382; -210; -19; -43; -104; -118; -74; 4; -171; nan; nan; 488; -81; -311; -328
2519; 7.397588789559446; -214; -17; -43; -104; -118; -74; 4; -171; nan; nan; 488; -81; -311; -328
2523; 7.532090403915072; -210; -19; -43; -104; -118; -74; 4; -171; nan; nan; 488; -81; -318; -328
2527; 7.666592018270699; -220; -28; -43; -106; -118; -74; 4; -171; nan; nan; 488; -81; -318; -328
2531; 7.801093632626325; -212; -19; -43; -106; -120; -74; 4; -171; nan; nan; 488; -81; -306; -328
2535; 7.9355952469819515; -212; -19; -43; -106; -116; -74; 4; -171; nan; nan; 488; -81; -306; -328
2539; 8.070096861337579; -210; -17; -43; -106; -120; -74; 4; -171; nan; nan; 488; -81; -311; -328
2543; 8.204598475693205; -220; -31; -43; -106; -116; -74; 4; -171; nan; nan; 488; -81; -306; -328
2547; 8.33910009004883; -220; -33; -46; -106; -118; -74; 4; -171; nan; nan; 484; -81; -306; -328
2551; 8.473601704404457; -210; -26; -48; -109; -116; -74; -3; -171; nan; nan; 475; -77; -294; -319
2555; 8.608103318760083; -218; -42; -46; -111; -120; -74; -7; -171; nan; nan; 464; -74; -270; -310
2559; 8.74260493311571; -198; -33; -46; -116; -130; -76; -16; -174; nan; nan; 448; -71; -245; -301
2563; 8.877106547471335; -206; -42; -48; -116; -128; -79; -23; -174; nan; nan; 440; -69; -221; -288
2567; 9.011608161826961; -212; -49; -50; -120; -128; -79; -36; -177; nan; nan; 424; -66; -191; -278
2571; 9.146109776182588; -212; -49; -51; -122; -120; -79; -40; -177; nan; nan; 415; -63; -198; -278
2575; 9.280611390538214; -204; -72; -51; -123; -138; -88; -52; -180; nan; nan; 404; -60; -131; -274
2579; 9.415113004893842; -202; -77; -51; -125; -138; -88; -60; -183; nan; nan; 395; -57; -120; -270
2583; 9.549614619249468; -196; -74; -51; -125; -144; -90; -63; -183; nan; nan; 384; -57; -101; -261
2587; 9.684116233605094; -204; -77; -51; -130; -144; -92; -72; -185; nan; nan; 375; -53; -84; -251
2591; 9.81861784796072; -202; -84; -51; -130; -144; -92; -80; -185; nan; nan; 368; -50; -78; -251
2595; 9.953119462316346; -202; -86; -53; -132; -148; -95; -83; -188; nan; nan; 360; -50; -60; -242
2599; 10.087621076671972; -202; -90; -53; -134; -148; -95; -87; -185; nan; nan; 355; -45; -48; -234
2603; 10.222122691027598; -166; -104; -53; -136; -150; -98; -96; -185; nan; nan; 348; -45; -48; -220
2607; 10.356624305383225; -166; -104; -53; -138; -150; -98; -103; -188; nan; nan; 344; -42; -48; -220
2611; 10.49112591973885; -200; -100; -58; -138; -150; -100; -107; -192; nan; nan; 340; -39; -48; -215
2615; 10.625627534094477; -178; -104; -60; -141; -148; -106; -112; -188; nan; nan; 332; -39; -18; -211
2619; 10.760129148450105; -174; -104; -60; -141; -154; -104; -116; -192; nan; nan; 324; -36; -11; -202
2623; 10.89463076280573; -168; -104; -60; -144; -152; -104; -123; -192; nan; nan; 315; -36; 0; -198
2627; 11.029132377161357; -166; -106; -58; -146; -150; -109; -127; -192; nan; nan; 312; -32; 0; -198
2631; 11.163633991516983; -186; -152; -60; -148; -154; -111; -136; -195; nan; nan; 304; -32; 18; -193
2635; 11.29813560587261; -186; -152; -58; -148; -156; -106; -140; -195; nan; nan; 300; -29; 36; -189
2639; 11.432637220228235; -154; -120; -61; -150; -150; -107; -144; -195; nan; nan; 295; -29; 41; -184
2643; 11.567138834583861; -146; -138; -60; -152; -154; -107; -147; -195; nan; nan; 292; -26; 41; -184
2647; 11.701640448939488; -186; -154; -60; -154; -156; -109; -156; -198; nan; nan; 284; -26; 48; -179
2651; 11.836142063295114; -188; -134; -61; -154; -156; -111; -160; -201; nan; nan; 280; -23; 48; -179
2655; 11.97064367765074; -166; -136; -63; -154; -150; -111; -164; -201; nan; nan; 275; -23; 48; -179
2659; 12.105145292006366; -166; -136; -66; -158; -160; -114; -167; -198; nan; nan; 272; -21; 53; -179
2663; 12.239646906361994; -158; -141; -63; -158; -156; -114; -176; -201; nan; nan; 264; -21; 126; -179
2667; 12.37414852071762; -176; -162; -66; -160; -160; -116; -180; -204; nan; nan; 260; -18; 126; -179
2671; 12.508650135073246; -186; -174; -66; -160; -160; -116; -184; -204; nan; nan; 255; -18; 138; -175
2675; 12.643151749428872; -182; -155; -66; -164; -172; -118; -187; -204; nan; nan; 255; -15; 143; -175
2679; 12.777653363784498; -188; -190; -66; -164; -170; -118; -187; -204; nan; nan; 247; -15; 156; -171
2683; 12.912154978140125; -192; -166; -70; -166; -170; -122; -192; -204; nan; nan; 244; -15; 156; -171
2687; 13.04665659249575; -178; -168; -70; -166; -174; -120; -196; -204; nan; nan; 240; -15; 161; -166
2691; 13.181158206851377; -186; -182; -70; -168; -174; -120; -200; -204; nan; nan; 235; -12; 168; -166
2695; 13.315659821207003; -186; -182; -70; -169; -178; -132; -207; -206; nan; nan; 232; -12; 168; -166
2699; 13.450161435562629; -174; -180; -70; -169; -174; -122; -207; -204; nan; nan; 232; -8; 180; -162
2703; 13.584663049918255; -140; -196; -68; -171; -180; -130; -212; -206; nan; nan; 227; -8; 186; -157
2707; 13.719164664273883; -188; -182; -68; -171; -180; -136; -216; -206; nan; nan; 220; -8; 191; -148
2711; 13.85366627862951; -188; -182; -68; -171; -180; -136; -220; -209; nan; nan; 220; -8; 191; -148
2715; 13.988167892985135; -188; -182; -68; -171; -182; -134; -216; -206; nan; nan; 220; -8; 191; -148
2719; 14.122669507340762; -172; -210; -68; -171; -182; -134; -216; -206; nan; nan; 220; -8; 191; -148
2723; 14.257171121696388; -178; -182; -70; -169; -182; -132; -216; -206; nan; nan; 220; -8; 191; -143
2727; 14.391672736052014; -158; -196; -68; -171; -182; -132; -216; -206; nan; nan; 220; -8; 191; -148
2731; 14.52617435040764; -166; -185; -68; -171; -184; -130; -216; -206; nan; nan; 220; -8; 191; -148
2735; 14.660675964763266; -182; -190; -70; -169; -182; -128; -216; -206; nan; nan; 220; -8; 191; -148
2739; 14.795177579118892; -184; -190; -68; -171; -182; -128; -216; -206; nan; nan; 220; -8; 191; -143
2743; 14.929679193474518; -166; -185; -68; -171; -182; -128; -216; -206; nan; nan; 220; -8; 191; -143
2747; 15.064180807830144; -166; -185; -68; -169; -182; -128; -216; -206; nan; nan; 220; -8; 191; -148
2751; 15.198682422185772; -184; -184; -68; -169; -182; -128; -216; -206; nan; nan; 220; -8; 191; -143
2755; 15.333184036541398; -182; -185; -68; -169; -182; -128; -216; -206; nan; nan; 220; -8; 191; -143
2759; 15.467685650897025; -182; -184; -70; -169; -182; -128; -220; -209; nan; nan; 220; -8; 191; -143
2763; 15.60218726525265; -136; -196; -68; -169; -182; -128; -220; -209; nan; nan; 220; -8; 191; -143
2767; 15.736688879608277; -136; -196; -68; -171; -182; -130; -220; -209; nan; nan; 220; -8; 191; -143
2771; 15.871190493963903; -140; -198; -68; -171; -182; -130; -220; -209; nan; nan; 220; -8; 191; -143
2775; 16.00569210831953; -176; -184; -66; -169; -180; -128; -220; -209; nan; nan; 215; -12; 191; -143
2779; 16.140193722675157; -156; -190; -66; -171; -174; -128; -220; -209; nan; nan; 220; -12; 186; -139
2783; 16.27469533703078; -162; -188; -63; -171; -180; -132; -216; -209; nan; nan; 220; -12; 186; -139
2787; 16.40919695138641; -136; -199; -61; -169; -180; -134; -216; -212; nan; nan; 212; -15; 180; -135
2791; 16.543698565742034; -123; -196; -61; -171; -176; -136; -212; -209; nan; nan; 215; -15; 180; -130
2795; 16.67820018009766; -144; -188; -60; -169; -174; -138; -212; -209; nan; nan; 215; -15; 173; -130
2799; 16.812701794453286; -130; -182; -58; -169; -174; -138; -216; -212; nan; nan; 215; -15; 173; -130
2803; 16.947203408808914; -130; -182; -56; -169; -170; -136; -216; -212; nan; nan; 207; -21; 173; -130
2807; 17.081705023164538; -118; -185; -53; -171; -164; -136; -212; -212; nan; nan; 204; -23; 161; -126
2811; 17.216206637520166; -108; -184; -50; -169; -140; -132; -207; -216; nan; nan; 207; -23; 156; -112
2815; 17.350708251875794; -66; -169; -46; -171; -140; -132; -207; -219; nan; nan; 204; -26; 150; -107
2819; 17.48520986623142; -86; -178; -41; -171; -140; -130; -207; -219; nan; nan; 195; -32; 90; -90
2823; 17.619711480587046; -63; -164; -30; -174; -154; -134; -204; -225; nan; nan; 192; -39; 78; -76
2827; 17.75421309494267; -20; -162; -31; -174; -132; -136; -200; -225; nan; nan; 184; -45; 71; -67
2831; 17.8887147092983; -53; -166; -26; -174; -130; -138; -200; -230; nan; nan; 180; -47; 53; -58
2835; 18.023216323653923; -28; -160; -20; -174; -130; -138; -196; -233; nan; nan; 180; -50; 66; -44
2839; 18.15771793800955; -36; -164; -18; -174; -132; -136; -196; -233; nan; nan; 172; -57; 36; -40
2843; 18.292219552365175; 22; -178; -11; -176; -134; -146; -196; -237; nan; nan; 172; -57; 41; -31
2847; 18.426721166720803; 26; -169; -10; -176; -120; -132; -192; -237; nan; nan; 167; -63; 41; -31
2851; 18.561222781076427; 22; -166; -3; -174; -113; -134; -192; -237; nan; nan; 164; -66; 53; -22
2855; 18.695724395432055; 13; -162; -1; -176; -113; -136; -187; -240; nan; nan; 160; -69; 53; -18
2859; 18.830226009787683; 32; -169; 0; -176; -113; -136; -187; -243; nan; nan; 160; -71; 53; -13
2863; 18.964727624143308; 32; -169; 2; -176; -118; -138; -187; -246; nan; nan; 155; -74; 41; -4
2867; 19.099229238498936; 56; -176; 3; -176; -113; -138; -184; -246; nan; nan; 152; -77; 41; 0
2871; 19.23373085285456; 62; -174; 3; -174; -112; -141; -184; -249; nan; nan; 147; -81; 30; 0
2875; 19.368232467210188; 80; -184; 2; -176; -112; -141; -184; -249; nan; nan; 147; -81; 36; 0
2879; 19.502734081565812; 62; -164; 7; -182; -113; -152; -187; -249; nan; nan; 140; -74; 36; 4
2883; 19.63723569592144; 57; -158; 6; -176; -113; -152; -200; -249; nan; nan; 132; -77; 23; 17
2887; 19.771737310277064; 57; -160; 7; -174; -110; -141; -187; -249; nan; nan; 147; -81; 30; 9
2891; 19.906238924632692; 57; -176; 10; -176; nan; nan; -184; -251; nan; nan; 144; -84; 23; 9
2895; 20.040740538988317; 73; -155; 12; -176; nan; nan; -180; -251; nan; nan; 144; -87; 23; 13
2899; 20.175242153343945; 73; -155; 12; -176; -106; -144; -180; -251; nan; nan; 144; -87; 18; 13
2903; 20.309743767699572; 76; -162; 16; -176; -108; -144; -180; -254; nan; nan; 140; -90; 11; 17
2907; 20.444245382055197; 122; -146; 20; -176; nan; nan; -176; -254; nan; nan; 135; -92; 11; 22
2911; 20.578746996410825; 90; -158; 20; -176; -100; -144; -176; -257; nan; nan; 132; -95; 6; 27
2915; 20.71324861076645; 122; -146; 23; -174; -100; -148; -176; -264; nan; nan; 132; -98; -41; 35
2919; 20.847750225122077; 116; -141; 30; -178; -82; -141; -172; -261; nan; nan; 127; -102; -41; 40
2923; 20.9822518394777; 146; -139; 32; -178; -80; -141; -176; -264; nan; nan; 124; -105; -41; 45
2927; 21.11675345383333; 113; -144; 33; -178; -92; -152; -172; -267; nan; nan; 120; -108; -41; 53
2931; 21.251255068188954; 142; -138; 42; -178; -72; -141; -167; -267; nan; nan; 120; -111; -48; 58
2935; 21.38575668254458; 142; -138; 43; -178; -68; -141; -167; -267; nan; nan; 112; -116; -60; 63
2939; 21.52025829690021; 150; -138; 46; -178; -68; -144; -167; -273; nan; nan; 112; -119; -65; 71
2943; 21.654759911255834; 177; -134; 52; -178; -80; -146; -164; -276; nan; nan; 107; -122; -78; 71
2947; 21.78926152561146; 194; -132; 52; -178; -76; -144; -164; -278; nan; nan; 104; -126; -84; 81
2951; 21.923763139967086; 207; -148; 53; -178; -72; -146; -156; -278; nan; nan; 100; -129; -90; 85
2955; 22.058264754322714; 217; -130; 62; -180; -72; -146; -160; -282; nan; nan; 95; -132; -84; 89
2959; 22.19276636867834; 230; -138; 62; -178; -70; -144; -156; -282; nan; nan; 95; -135; -84; 94
2963; 22.327267983033966; 200; -160; 63; -178; -61; -146; -156; -285; nan; nan; 87; -140; -101; 99
2967; 22.46176959738959; 234; -138; 63; -178; nan; nan; -156; -288; nan; nan; 87; -140; -95; 103
2971; 22.59627121174522; 234; -138; 66; -178; nan; nan; -152; -288; nan; nan; 84; -143; -101; 103
2975; 22.730772826100843; 234; -138; 66; -178; nan; nan; -152; -288; nan; nan; 84; -143; -101; 103
2979; 22.86527444045647; 234; -138; 67; -178; nan; nan; -152; -288; nan; nan; 84; -143; -90; 107
2983; 22.9997760548121; 232; -132; 67; -178; nan; nan; -156; -291; nan; nan; 84; -143; -90; 107
2987; 23.134277669167723; 212; -154; 67; -178; -43; -155; -156; -291; nan; nan; 80; -143; -90; 107
2991; 23.26877928352335; 210; -155; 66; -180; -41; -155; -156; -291; nan; nan; 80; -147; -90; 107
2995; 23.403280897878975; 206; -141; 67; -178; -41; -155; -156; -291; nan; nan; 80; -147; -101; 107
2999; 23.537782512234603; 210; -150; 67; -178; -43; -155; -156; -291; nan; nan; 80; -147; -101; 107
3003; 23.672284126590228; 210; -150; 67; -178; -43; -155; -156; -291; nan; nan; 80; -147; -101; 107
3007; 23.806785740945855; 210; -150; 67; -178; -43; -155; -156; -291; nan; nan; 80; -147; -101; 107
3011; 23.94128735530148; 210; -148; 67; -178; -43; -155; -156; -291; nan; nan; 80; -147; -101; 107
3015; 24.075788969657108; 216; -132; 66; -180; -43; -155; -156; -291; nan; nan; 80; -147; -101; 107
3019; 24.210290584012732; 234; -136; 67; -182; -56; -152; -152; -288; nan; nan; 80; -147; -101; 107
3023; 24.34479219836836; 232; -134; 67; -182; -56; -152; -152; -291; nan; nan; 80; -147; -95; 107
3027; 24.479293812723988; 246; -139; 67; -178; -56; -152; -152; -291; nan; nan; 80; -147; -101; 107
3031; 24.613795427079612; 246; -139; 67; -178; -56; -152; -152; -291; nan; nan; 80; -147; -95; 107
3035; 24.74829704143524; 206; -134; 67; -178; -51; -152; -152; -291; nan; nan; 80; -147; -101; 107
3039; 24.882798655790864; 202; -148; 66; -174; -51; -152; -152; -291; nan; nan; 84; -147; -101; 107
3043; 25.017300270146492; 210; -107; 63; -168; -51; -152; -140; -285; nan; nan; 95; -150; -101; 107
3047; 25.151801884502117; 214; -138; 66; -168; -56; -155; -116; -278; nan; nan; 115; -156; -108; 99
3051; 25.286303498857745; 202; -104; 66; -168; -40; -141; -112; -278; nan; nan; 120; -156; -144; 89
3055; 25.42080511321337; 210; -104; 73; -166; -43; -144; -107; -278; nan; nan; 120; -159; -144; 89
3059; 25.555306727568997; 206; -100; 73; -166; -40; -144; -100; -278; nan; nan; 124; -161; -150; 89
3063; 25.68980834192462; 210; -100; 73; -164; -40; -144; -92; -278; nan; nan; 127; -164; -168; 85
3067; 25.82430995628025; 210; -100; 67; -162; -38; -136; -92; -278; nan; nan; 132; -164; -174; 85
3071; 25.958811570635877; 186; -104; 73; -162; -38; -139; -92; -278; nan; nan; 132; -167; -180; 85
3075; 26.0933131849915; 180; -88; 73; -160; -31; -138; -83; -278; nan; nan; 135; -171; -185; 85
3079; 26.22781479934713; 177; -92; 67; -158; -40; -132; -72; -273; nan; nan; 147; -171; -191; 76
3083; 26.362316413702754; 194; -84; 67; -158; -31; -134; -72; -273; nan; nan; 152; -171; -191; 76
3087; 26.49681802805838; 196; -84; 72; -158; -30; -134; -67; -273; nan; nan; 152; -174; -204; 71
3091; 26.631319642414006; 194; -81; 73; -155; -30; -132; -63; -276; nan; nan; 160; -174; -210; 71
3095; 26.765821256769634; 192; -77; 70; -154; -28; -132; -60; -273; nan; nan; 160; -177; -221; 71
3099; 26.900322871125258; 210; -93; 70; -154; -28; -128; -56; -273; nan; nan; 164; -180; -240; 67
3103; 27.034824485480886; 207; -95; 70; -154; -28; -128; -47; -273; nan; nan; 167; -183; -228; 71
3107; 27.16932609983651; 174; -79; 72; -148; -33; -123; -43; -270; nan; nan; 175; -183; -251; 67
3111; 27.30382771419214; 184; -65; 70; -148; -31; -122; -36; -270; nan; nan; 180; -185; -240; 67
3115; 27.438329328547766; 167; -74; 70; -148; -30; -120; -32; -267; nan; nan; 184; -188; -251; 63
3119; 27.57283094290339; 172; -74; 70; -148; -30; -120; -27; -267; nan; nan; 187; -188; -251; 63
3123; 27.70733255725902; 197; -65; 70; -146; -23; -125; -27; -267; nan; nan; 187; -192; -276; 58
3127; 27.841834171614643; 176; -60; 73; -144; -23; -125; -20; -267; nan; nan; 195; -192; -270; 58
3131; 27.97633578597027; 192; -60; 72; -144; -28; -116; -20; -264; nan; nan; 195; -195; -288; 53
3135; 28.110837400325895; 164; -72; 73; -144; -33; -118; -12; -264; nan; nan; 207; -195; -300; 49
3139; 28.245339014681523; 164; -72; 73; -141; -28; -123; -3; -261; nan; nan; 212; -198; -294; 49
3143; 28.379840629037147; 157; -63; 72; -139; -28; -111; 0; -257; nan; nan; 220; -198; -306; 45
3147; 28.514342243392775; 157; -63; 70; -138; -26; -109; 4; -257; nan; nan; 224; -201; -324; 40
3151; 28.6488438577484; 156; -40; 72; -136; -28; -122; 7; -257; nan; nan; 232; -201; -330; 40
3155; 28.783345472104028; 154; -38; 72; -136; -21; -109; 15; -254; nan; nan; 232; -206; -341; 35
3159; 28.917847086459656; 152; -33; 72; -134; -30; -109; 20; -254; nan; nan; 244; -206; -341; 35
3163; 29.05234870081528; 156; -40; 72; -134; -30; -109; 20; -254; nan; nan; 247; -206; -360; 31
3167; 29.186850315170908; 157; -31; 70; -132; -26; -107; 27; -254; nan; nan; 247; -212; -360; 31
3171; 29.321351929526532; 157; -26; 73; -132; -30; -109; 35; -251; nan; nan; 260; -212; -371; 27
3175; 29.45585354388216; 157; -26; 72; -130; -30; -107; 40; -249; nan; nan; 264; -216; -384; 22
3179; 29.590355158237784; 166; -30; 72; -130; -30; -107; 47; -249; nan; nan; 272; -216; -378; 22
3183; 29.724856772593412; 146; -21; 70; -128; -21; -102; 47; -249; nan; nan; 272; -219; -378; 22
3187; 29.859358386949037; 140; -19; 72; -125; -21; -102; 52; -249; nan; nan; 280; -219; -390; 17
3191; 29.993860001304665; 137; -15; 72; -125; -21; -106; 55; -249; nan; nan; 288; -219; -408; 13
3195; 30.12836161566029; 150; -17; 72; -123; -23; -100; 55; -251; nan; nan; 292; -222; -401; 13
3199; 30.262863230015917; 136; -12; 70; -122; -20; -98; 64; -246; nan; nan; 292; -225; -408; 9
3203; 30.397364844371545; 147; -14; 72; -123; -20; -98; 64; -249; nan; nan; 295; -225; -414; 9
3207; 30.53186645872717; 136; -8; 70; -122; -16; -102; 67; -246; nan; nan; 295; -228; -431; 4
3211; 30.666368073082797; 136; -8; 72; -122; -16; -102; 72; -243; nan; nan; 300; -230; -431; 4
3215; 30.80086968743842; 156; -14; 72; -122; -16; -102; 75; -243; nan; nan; 308; -230; -438; 4
3219; 30.93537130179405; 140; -3; 72; -118; -13; -100; 75; -246; nan; nan; 312; -233; -438; 4
3223; 31.069872916149674; 142; -5; 73; -120; -11; -100; 80; -243; nan; nan; 320; -233; -450; 0
3227; 31.2043745305053; 137; 1; 72; -118; -11; -100; 84; -243; nan; nan; 320; -237; -450; 0
3231; 31.338876144860926; 132; -19; 70; -116; -21; -95; 92; -246; nan; nan; 328; -240; -461; -4
3235; 31.473377759216554; 134; 6; 72; -116; -13; -98; 92; -240; nan; nan; 332; -240; -474; -8
3239; 31.60787937357218; 136; 4; 70; -116; -16; -100; 104; -246; nan; nan; 344; -243; -474; -8
3243; 31.742380987927806; 134; 7; 72; -114; -16; -92; 104; -237; nan; nan; 352; -243; -486; -13
3247; 31.876882602283434; 116; -1; 70; -114; -16; -92; 112; -240; nan; nan; 352; -246; -486; -13
3251; 32.01138421663906; 117; 9; 70; -111; -20; -88; 107; -237; nan; nan; 360; -246; -486; -13
3255; 32.145885830994686; 130; 9; 72; -111; -20; -88; 112; -233; nan; nan; 360; -249; -504; -18
3259; 32.280387445350314; 107; 9; 70; -109; -18; -90; 115; -230; nan; nan; 368; -249; -510; -18
3263; 32.414889059705935; 107; 9; 70; -109; -18; -86; 120; -230; nan; nan; 372; -251; -528; -22
3267; 32.54939067406156; 130; 1; 70; -109; -18; -88; 120; -230; nan; nan; 375; -251; -528; -22
3271; 32.68389228841719; 113; 15; 70; -109; -18; -88; 120; -230; nan; nan; 380; -251; -528; -22
3275; 32.81839390277282; 107; 4; 70; -107; -18; -86; 120; -230; nan; nan; 375; -251; -528; -22
3279; 32.95289551712844; 106; 14; 70; -107; -20; -86; 120; -230; nan; nan; 380; -251; -528; -22
3283; 33.08739713148407; 117; 12; 70; -107; -16; -93; 120; -230; nan; nan; 380; -251; -528; -22
3287; 33.221898745839695; 130; 9; 70; -107; -13; -86; 124; -230; nan; nan; 375; -251; -528; -22
3291; 33.35640036019532; 122; 14; 70; -107; -13; -86; 120; -230; nan; nan; 375; -251; -528; -22
3295; 33.49090197455095; 110; 4; 70; -107; -13; -86; 124; -228; nan; nan; 372; -251; -528; -22
3299; 33.62540358890657; 110; 4; 70; -107; -13; -86; 124; -228; nan; nan; 372; -251; -528; -22
3303; 33.7599052032622; 110; 1; 70; -109; -13; -86; 124; -228; nan; nan; 372; -251; -528; -22
3307; 33.89440681761783; 116; 15; 72; -109; -16; -86; 120; -230; nan; nan; 372; -251; -528; -22
3311; 34.028908431973456; 117; 14; 70; -109; -16; -86; 120; -230; nan; nan; 375; -251; -528; -22
3315; 34.163410046329076; 113; 15; 70; -109; -16; -86; 120; -230; nan; nan; 372; -251; -528; -22
3319; 34.297911660684704; 113; 15; 67; -109; -18; -86; 124; -228; nan; nan; 372; -251; -528; -22
3323; 34.43241327504033; 106; 14; 67; -109; -11; -88; 124; -228; nan; nan; 375; -251; -528; -22
3327; 34.56691488939596; 112; 15; 67; -109; -16; -86; 124; -228; nan; nan; 380; -249; -528; -22
3331; 34.70141650375159; 123; 4; 66; -107; -16; -86; 120; -230; nan; nan; 380; -249; -528; -22
3335; 34.83591811810721; 130; 6; 63; -109; -11; -88; 120; -228; nan; nan; 384; -246; -528; -22
3339; 34.97041973246284; 107; 7; 63; -109; -20; -86; 115; -228; nan; nan; 384; -243; -528; -27
3343; 35.104921346818465; 106; 6; 60; -107; -21; -84; 115; -225; nan; nan; 388; -237; -528; -40
3347; 35.23942296117409; 73; 6; 60; -107; -26; -86; 112; -225; nan; nan; 388; -237; -516; -44
3351; 35.37392457552971; 70; 7; 56; -107; -28; -84; 112; -222; nan; nan; 395; -230; -522; -54
3355; 35.50842618988534; 66; 9; 53; -107; -28; -84; 107; -222; nan; nan; 395; -228; -516; -58
3359; 35.64292780424097; 76; 9; 52; -107; -30; -84; 104; -222; nan; nan; 395; -225; -516; -63
3363; 35.7774294185966; 62; 9; 50; -107; -31; -84; 104; -219; nan; nan; 400; -222; -510; -67
3367; 35.911931032952225; 40; 7; 46; -107; -30; -84; 100; -216; nan; nan; 404; -216; -510; -76
3371; 36.046432647307846; 40; 7; 42; -107; -30; -84; 95; -216; nan; nan; 408; -209; -498; -80
3375; 36.180934261663474; 32; 7; 42; -107; -31; -86; 95; -212; nan; nan; 412; -206; -498; -90
3379; 36.3154358760191; 26; 6; 37; -107; -38; -81; 87; -212; nan; nan; 408; -204; -491; -94
3383; 36.44993749037473; 16; 6; 33; -107; -43; -81; 87; -209; nan; nan; 415; -198; -486; -99
3387; 36.58443910473035; 12; 6; 36; -107; -46; -81; 80; -209; nan; nan; 415; -195; -480; -107
3391; 36.71894071908598; 12; 6; 32; -107; -41; -81; 84; -206; nan; nan; 420; -192; -480; -112
3395; 36.853442333441606; 3; -1; 30; -106; -43; -84; 80; -209; nan; nan; 420; -188; -468; -112
3399; 36.987943947797234; 3; 4; 30; -107; -46; -84; 75; -206; nan; nan; 420; -188; -461; -112
3403; 37.122445562152855; -10; 4; 26; -106; -51; -81; 75; -206; nan; nan; 424; -183; -461; -121
3407; 37.25694717650848; -10; 4; 22; -106; -56; -81; 75; -204; nan; nan; 428; -180; -456; -126
3411; 37.39144879086411; -33; -14; 20; -106; -56; -81; 72; -201; nan; nan; 428; -177; -444; -135
3415; 37.52595040521974; -38; 0; 16; -107; -56; -81; 67; -198; nan; nan; 435; -171; -444; -148
3419; 37.66045201957537; -46; 0; 12; -107; -63; -84; 64; -201; nan; nan; 435; -164; -438; -162
3423; 37.79495363393099; -48; -15; 12; -107; -68; -77; 60; -198; nan; nan; 435; -161; -431; -162
3427; 37.929455248286615; -46; -1; 10; -106; -70; -77; 55; -198; nan; nan; 440; -159; -431; -166
3431; 38.06395686264224; -50; -1; 7; -106; -72; -77; 55; -198; nan; nan; 435; -159; -420; -171
3435; 38.19845847699787; -46; -10; 7; -106; -72; -77; 55; -195; nan; nan; 444; -156; -426; -179
3439; 38.33296009135349; -63; -15; 6; -106; nan; nan; 52; -195; nan; nan; 444; -153; -426; -184
3443; 38.46746170570912; -56; -8; 3; -106; -76; -77; 52; -195; nan; nan; 448; -150; -414; -184
3447; 38.60196332006475; -68; -8; 2; -106; -80; -79; 52; -192; nan; nan; 448; -147; -420; -193
3451; 38.736464934420376; -82; -3; -1; -106; -80; -77; 47; -192; nan; nan; 452; -143; -414; -198
3455; 38.870966548776; -96; -3; -6; -106; -82; -77; 47; -188; nan; nan; 455; -140; -408; -202
3459; 39.005468163131624; -106; -5; -8; -106; -80; -79; 44; -188; nan; nan; 460; -135; -408; -215
3463; 39.13996977748725; -116; -5; -8; -106; -83; -76; 44; -185; nan; nan; 460; -132; -396; -220
3467; 39.27447139184288; -116; -5; -11; -106; -92; -76; 40; -185; nan; nan; 464; -129; -396; -229
3471; 39.40897300619851; -130; -8; -13; -106; -96; -76; 35; -185; nan; nan; 460; -126; -390; -238
3475; 39.54347462055413; -136; -24; -18; -106; -88; -77; 35; -183; nan; nan; 464; -122; -384; -247
3479; 39.67797623490976; -138; -10; -20; -106; -98; -77; 32; -180; nan; nan; 468; -116; -378; -256
3483; 39.812477849265385; -150; -10; -21; -106; -98; -79; 27; -183; nan; nan; 468; -114; -371; -261
3487; 39.94697946362101; -138; -12; -23; -104; -102; -76; 27; -180; nan; nan; 472; -111; -360; -261
3491; 40.08148107797663; -146; -12; -26; -106; -106; -76; 27; -177; nan; nan; 472; -111; -360; -270
3495; 40.21598269233226; -156; -12; -28; -104; -100; -74; 24; -180; nan; nan; 480; -105; -348; -274
3499; 40.35048430668789; -162; -14; -31; -104; -102; -74; 20; -177; nan; nan; 480; -102; -348; -292
3503; 40.48498592104352; -162; -14; -33; -104; -102; -74; 20; -177; nan; nan; 484; -98; -336; -292
3507; 40.619487535399145; -176; -14; -36; -104; -112; -74; 20; -171; nan; nan; 488; -95; -341; -306
3511; 40.753989149754766; -204; -12; -40; -104; -112; -74; 20; -171; nan; nan; 492; -92; -330; -314
3515; 40.888490764110394; -206; -12; -41; -104; -112; -74; 15; -171; nan; nan; 495; -90; -324; -319
3519; 41.02299237846602; -210; -14; -41; -104; -112; -74; 15; -171; nan; nan; 495; -87; -330; -328
3523; 41.15749399282165; -210; -14; -41; -104; -113; -74; 12; -171; nan; nan; 495; -87; -330; -328
3527; 41.29199560717727; -210; -28; -40; -104; -113; -74; 12; -171; nan; nan; 495; -87; -318; -324
3531; 41.4264972215329; -204; -24; -40; -102; -113; -74; 12; -171; nan; nan; 495; -87; -324; -324
3535; 41.560998835888526; -206; -12; -40; -102; -113; -74; 15; -171; nan; nan; 495; -87; -324; -324
3539; 41.695500450244154; -206; -12; -40; -104; -113; -74; 15; -171; nan; nan; 492; -90; -324; -324
3543; 41.83000206459978; -202; -14; -40; -102; -110; -74; 15; -171; nan; nan; 495; -90; -324; -324
3547; 41.9645036789554; -200; -14; -40; -104; -113; -74; 15; -171; nan; nan; 495; -90; -330; -324
3551; 42.09900529331103; -188; -12; -40; -102; -110; -74; 15; -171; nan; nan; 495; -90; -330; -324
3555; 42.23350690766666; -190; -12; -40; -102; -110; -74; 15; -171; nan; nan; 495; -90; -330; -324
3559; 42.368008522022286; -194; -12; -38; -102; -110; -74; 15; -171; nan; nan; 495; -92; -354; -328
3563; 42.50251013637791; -196; -12; -38; -104; -110; -74; 20; -171; nan; nan; 495; -92; -354; -328
3567; 42.637011750733535; -198; -10; -38; -102; -110; -74; 20; -171; nan; nan; 500; -92; -341; -324
3571; 42.77151336508916; -204; -26; -38; -102; -108; -72; 20; -171; nan; nan; 495; -92; -330; -324
3575; 42.90601497944479; -204; -26; -40; -102; -108; -72; 20; -171; nan; nan; 495; -92; -330; -324
3579; 43.04051659380042; -200; -14; -40; -104; -108; -72; 15; -174; nan; nan; 495; -90; -336; -324
3583; 43.17501820815604; -198; -14; -40; -104; -110; -72; 15; -171; nan; nan; 495; -90; -324; -319
3587; 43.30951982251167; -202; -14; -38; -104; nan; nan; 12; -171; nan; nan; 492; -90; -324; -319
3591; 43.444021436867295; -196; -15; -38; -104; -120; -74; 12; -174; nan; nan; 488; -90; -330; -310
3595; 43.57852305122292; -190; -19; -33; -106; nan; nan; 12; -174; nan; nan; 475; -92; -324; -292
3599; 43.713024665578544; -186; -19; -31; -107; nan; nan; 7; -177; nan; nan; 472; -92; -318; -288
3603; 43.84752627993417; -154; -24; -31; -107; -118; -79; 7; -177; nan; nan; 464; -92; -311; -278
3607; 43.9820278942898; -142; -21; -30; -109; -116; -77; 0; -180; nan; nan; 455; -92; -311; -265
3611; 44.11652950864543; -160; -35; -30; -114; -113; -77; 4; -180; nan; nan; 448; -95; -306; -261
3615; 44.25103112300105; -132; -24; -26; -111; -108; -81; 0; -183; nan; nan; 440; -95; -294; -251
3619; 44.38553273735668; -128; -26; -26; -111; -110; -81; 0; -183; nan; nan; 435; -98; -294; -242
3623; 44.520034351712304; -126; -33; -23; -114; -108; -81; 0; -183; nan; nan; 432; -98; -281; -238
3627; 44.65453596606793; -136; -26; -21; -116; -110; -79; -3; -185; nan; nan; 424; -102; -270; -234
3631; 44.78903758042356; -122; -40; -20; -116; -108; -81; -3; -185; nan; nan; 420; -102; -276; -234
3635; 44.92353919477918; -122; -40; -20; -116; -102; -81; -7; -188; nan; nan; 415; -102; -270; -225
3639; 45.05804080913481; -113; -47; -18; -116; -108; -90; -7; -192; nan; nan; 408; -105; -270; -220
3643; 45.19254242349044; -112; -42; -18; -118; nan; nan; -12; -192; nan; nan; 404; -105; -264; -211
3647; 45.327044037846065; -103; -47; -16; -122; nan; nan; -12; -195; nan; nan; 395; -105; -258; -206
3651; 45.461545652201686; -103; -47; -13; -122; nan; nan; -16; -195; nan; nan; 388; -105; -245; -189
3655; 45.59604726655731; -96; -47; -11; -122; nan; nan; -16; -195; nan; nan; 380; -108; -245; -179
3659; 45.73054888091294; -83; -49; -10; -123; nan; nan; -23; -198; nan; nan; 375; -105; -251; -166
3663; 45.86505049526857; -78; -51; -10; -123; -106; -93; -23; -198; nan; nan; 368; -105; -251; -162
3667; 45.9995521096242; -58; -51; -8; -125; nan; nan; -23; -201; nan; nan; 360; -105; -251; -153
3671; 46.13405372397982; -58; -51; -6; -128; nan; nan; -32; -204; nan; nan; 348; -108; -245; -143
3675; 46.268555338335446; -51; -54; -6; -128; nan; nan; -32; -204; nan; nan; 344; -108; -251; -139
3679; 46.403056952691074; -33; -58; -6; -132; nan; nan; -40; -206; nan; nan; 335; -108; -245; -130
3683; 46.5375585670467; -18; -76; 0; -132; nan; nan; -40; -206; nan; nan; 324; -111; -228; -121
3687; 46.67206018140232; -36; -63; 0; -134; nan; nan; -43; -209; nan; nan; 312; -111; -210; -112
3691; 46.80656179575795; -23; -65; 0; -136; nan; nan; -47; -212; nan; nan; 304; -111; -191; -107
3695; 46.94106341011358; -23; -70; 3; -138; -93; -102; -56; -216; nan; nan; 295; -111; -180; -99
3699; 47.075565024469206; -21; -72; 6; -136; nan; nan; -56; -216; nan; nan; 292; -114; -174; -90
3703; 47.21006663882483; -11; -76; 6; -138; nan; nan; -56; -219; nan; nan; 284; -116; -180; -85
3707; 47.344568253180455; -11; -76; 6; -138; nan; nan; -60; -219; nan; nan; 284; -114; -180; -71
3711; 47.47906986753608; -21; -76; 6; -139; nan; nan; -60; -219; nan; nan; 284; -114; -180; -76
3715; 47.61357148189171; -16; -92; 6; -139; nan; nan; -60; -219; nan; nan; 284; -114; -174; -76
3719; 47.74807309624734; -16; -90; 6; -139; nan; nan; -60; -219; nan; nan; 288; -111; -174; -76
3723; 47.88257471060296; -16; -92; 6; -139; -90; -116; -60; -219; nan; nan; 284; -114; -174; -76
3727; 48.01707632495859; 2; -84; 6; -139; -90; -116; -60; -219; nan; nan; 284; -114; -174; -76
3731; 48.151577939314215; -21; -79; 6; -139; -90; -114; -60; -219; nan; nan; 288; -111; -174; -76
3735; 48.28607955366984; -21; -79; 6; -139; -96; -106; -60; -219; nan; nan; 288; -111; -174; -76
3739; 48.420581168025464; -21; -79; 6; -139; nan; nan; -60; -219; nan; nan; 288; -111; -174; -76
3743; 48.55508278238109; -21; -79; 6; -139; nan; nan; -60; -219; nan; nan; 288; -111; -174; -76
3747; 48.68958439673672; -21; -76; 6; -139; nan; nan; -60; -219; nan; nan; 288; -111; -174; -76
3751; 48.82408601109235; -23; -76; 6; -138; nan; nan; -60; -219; nan; nan; 288; -111; -174; -76
3755; 48.958587625447976; 3; -86; 6; -138; nan; nan; -60; -219; nan; nan; 288; -111; -174; -76
3759; 49.0930892398036; -18; -84; 3; -139; nan; nan; -60; -219; nan; nan; 288; -111; -174; -76
3763; 49.227590854159224; 6; -86; 7; -139; -86; -116; -60; -219; nan; nan; 284; -114; -174; -76
3767; 49.36209246851485; 2; -84; 7; -139; -96; -114; -63; -222; nan; nan; 280; -114; -180; -76
3771; 49.49659408287048; 3; -84; 10; -141; nan; nan; -63; -225; nan; nan; 272; -116; -180; -67
3775; 49.6310956972261; 0; -84; 10; -141; nan; nan; -63; -222; nan; nan; 268; -116; -185; -63
3779; 49.76559731158173; 0; -84; 10; -141; -88; -111; -67; -225; nan; nan; 264; -116; -185; -58
3783; 49.90009892593736; 2; -81; 10; -141; -93; -109; -67; -225; nan; nan; 268; -114; -185; -58
3787; 50.034600540292985; 6; -79; 7; -139; -92; -109; -67; -222; nan; nan; 264; -114; -185; -58
3791; 50.169102154648606; 2; -77; 10; -141; -83; -116; -67; -222; nan; nan; 268; -111; -191; -58
3795; 50.30360376900423; 16; -84; 12; -136; nan; nan; -63; -219; nan; nan; 272; -111; -180; -54
3799; 50.43810538335986; 36; -81; 12; -139; -72; -118; -63; -216; nan; nan; 268; -111; -180; -54
3803; 50.57260699771549; 47; -84; 12; -141; -72; -118; -63; -216; nan; nan; 264; -111; -191; -44
3807; 50.70710861207112; 12; -84; 13; -144; -70; -118; -63; -233; nan; nan; 255; -116; -191; -40
3811; 50.84161022642674; 56; -81; 13; -146; -82; -118; -76; -228; nan; nan; 252; -116; -174; -44
3815; 50.976111840782366; 56; -81; 17; -146; -90; -114; -76; -230; nan; nan; 247; -116; -198; -44
3819; 51.110613455137994; 57; -81; 20; -148; -70; -118; -76; -230; nan; nan; 244; -116; -191; -40
3823; 51.24511506949362; 66; -90; 20; -152; nan; nan; -83; -233; nan; nan; 235; -116; -155; -31
3827; 51.37961668384924; 80; -98; 26; -152; -86; -116; -87; -237; nan; nan; 224; -116; -150; -22
3831; 51.51411829820487; 80; -95; 27; -154; -86; -118; -92; -240; nan; nan; 215; -119; -168; -18
3835; 51.6486199125605; 83; -100; 27; -154; -86; -122; -96; -240; nan; nan; 207; -119; -138; -8
3839; 51.783121526916126; 83; -100; 32; -158; nan; nan; -96; -243; nan; nan; 204; -122; -125; -4
3843; 51.917623141271754; 113; -120; 32; -158; nan; nan; -100; -246; nan; nan; 195; -122; -131; -4
3847; 52.052124755627375; 120; -118; 32; -158; nan; nan; -103; -249; nan; nan; 187; -126; -120; 9
3851; 52.186626369983; 103; -107; 36; -160; nan; nan; -100; -249; nan; nan; 187; -129; -120; 17
3855; 52.32112798433863; 110; -107; 37; -160; -72; -138; -103; -251; nan; nan; 180; -129; -125; 27
3859; 52.45562959869426; 110; -114; 37; -162; -70; -136; -107; -251; nan; nan; 172; -132; -131; 31
3863; 52.59013121304988; 142; -116; 42; -166; -76; -130; -112; -254; nan; nan; 164; -129; -131; 35
3867; 52.72463282740551; 142; -116; 47; -168; -76; -130; -120; -261; nan; nan; 147; -129; -138; 40
3871; 52.859134441761135; 174; -114; 47; -169; nan; nan; -123; -264; nan; nan; 140; -132; -125; 53
3875; 52.99363605611676; 174; -114; 50; -169; -70; -134; -132; -267; nan; nan; 132; -132; -101; 63
3879; 53.12813767047239; 210; -141; 53; -171; nan; nan; -136; -270; nan; nan; 127; -132; -95; 71
3883; 53.26263928482801; 194; -118; 53; -171; -70; -136; -132; -270; nan; nan; 120; -135; -108; 76
3887; 53.39714089918364; 210; -118; 60; -174; -41; -144; -140; -276; nan; nan; 112; -138; -120; 81
3891; 53.53164251353927; 200; -154; 62; -178; -63; -138; -136; -276; nan; nan; 107; -138; -125; 85
3895; 53.666144127894896; 227; -128; 62; -176; -43; -141; -144; -278; nan; nan; 100; -140; -125; 94
3899; 53.800645742250516; 227; -128; 63; -178; -61; -154; -144; -282; nan; nan; 100; -140; -114; 99
3903; 53.935147356606144; 227; -128; 66; -178; -61; -154; -144; -282; nan; nan; 92; -140; -108; 103
3907; 54.06964897096177; 237; -138; 66; -178; nan; nan; -147; -285; nan; nan; 84; -143; -101; 103
3911; 54.2041505853174; 226; -130; 66; -178; -60; -150; -152; -288; nan; nan; 84; -143; -90; 107
3915; 54.33865219967302; 226; -130; 70; -180; -60; -150; -152; -288; nan; nan; 84; -143; -101; 107
3919; 54.47315381402865; 232; -134; 70; -180; -56; -152; -152; -288; nan; nan; 84; -143; -101; 107
3923; 54.60765542838428; 217; -130; 67; -180; nan; nan; -152; -288; nan; nan; 84; -143; -101; 107
3927; 54.742157042739905; 216; -130; 70; -182; nan; nan; -152; -288; nan; nan; 84; -147; -101; 107
3931; 54.87665865709553; 214; -130; 67; -182; nan; nan; -152; -288; nan; nan; 84; -147; -101; 107
3935; 55.01116027145115; 217; -128; 66; -182; -58; -154; -152; -288; nan; nan; 84; -143; -95; 107
3939; 55.14566188580678; 217; -128; 66; -178; nan; nan; -152; -288; nan; nan; 84; -143; -95; 107
3943; 55.28016350016241; 217; -128; 66; -178; nan; nan; -152; -288; nan; nan; 84; -143; -95; 107
3947; 55.41466511451804; 217; -164; 66; -178; nan; nan; -152; -288; nan; nan; 84; -143; -95; 107
3951; 55.54916672887366; 217; -164; 66; -178; -58; -150; -152; -288; nan; nan; 84; -143; -95; 107
3955; 55.683668343229286; 212; -162; 66; -182; nan; nan; -152; -288; nan; nan; 84; -143; -101; 107
3959; 55.818169957584914; 216; -130; 66; -182; nan; nan; -152; -288; nan; nan; 84; -143; -95; 107
3963; 55.95267157194054; 216; -130; 66; -182; nan; nan; -152; -288; nan; nan; 84; -143; -95; 107
3967; 56.08717318629617; 222; -128; 70; -182; nan; nan; -152; -288; nan; nan; 84; -143; -95; 107
3971; 56.22167480065179; 207; -144; 67; -178; -41; -155; -152; -288; nan; nan; 84; -143; -95; 107
3975; 56.35617641500742; 207; -144; 70; -176; -41; -155; -152; -288; nan; nan; 80; -147; -101; 107
3979; 56.490678029363046; 282; -58; 80; -169; -56; -148; -156; -288; nan; nan; 75; -140; -90; 112
3983; 56.625179643718674; 286; 0; 92; -138; -41; -158; -156; -261; nan; nan; 47; -122; -84; 171
3987; 56.759681258074295; 294; 12; 92; -111; -31; -114; -144; -206; nan; nan; 52; -87; -114; 256
3991; 56.89418287242992; 276; 88; 90; -106; -31; -114; -132; -153; nan; nan; 55; -47; -131; 319
3995; 57.02868448678555; 250; 99; 76; -95; nan; nan; -132; -111; nan; nan; 64; -15; -138; 369
3999; 57.16318610114118; 220; 102; 62; -93; nan; nan; -136; -92; nan; nan; 84; 6; -131; 387
4003; 57.2976877154968; 200; 104; 57; -93; -56; -70; -144; -84; nan; nan; 95; 21; -114; 378
4007; 57.43218932985243; 172; 112; 47; -92; nan; nan; -156; -81; nan; nan; 104; 33; -90; 369
4011; 57.566690944208055; 154; 122; 42; -86; nan; nan; -164; -71; nan; nan; 107; 51; -65; 369
4015; 57.70119255856368; 137; 130; 37; -84; -78; -63; -167; -57; nan; nan; 112; 69; -54; 373
4019; 57.83569417291931; 144; 134; 32; -79; -83; -58; -180; -45; nan; nan; 112; 83; -35; 387
4023; 57.97019578727493; 126; 146; 26; -77; -92; -49; -184; -36; nan; nan; 115; 96; -24; 396
4027; 58.10469740163056; 110; 144; 22; -77; -96; -46; -192; -29; nan; nan; 120; 104; -5; 405
4031; 58.23919901598619; 90; 120; 13; -79; -106; -46; -196; -29; nan; nan; 124; 108; 0; 400
4035; 58.373700630341816; 90; 120; 13; -84; -106; -46; -196; -32; nan; nan; 127; 104; 18; 387
4039; 58.508202244697436; 86; 110; 13; -86; -110; -47; -200; -39; nan; nan; 127; 102; 30; 373
4043; 58.642703859053064; 87; 99; 13; -92; -112; -51; -200; -47; nan; nan; 124; 92; 30; 369
4047; 58.77720547340869; 87; 99; 16; -90; -110; -56; -204; -57; nan; nan; 124; 87; 30; 355
4051; 58.91170708776432; 96; 120; 20; -88; -108; -60; -196; -60; nan; nan; 132; 80; 36; 342
4055; 59.04620870211995; 93; 130; 23; -77; -96; -49; -176; -50; nan; nan; 144; 80; 18; 337
4059; 59.18071031647557; 107; 162; 26; -70; -96; -49; -164; -36; nan; nan; 144; 92; -24; 351
4063; 59.3152119308312; 103; 166; 26; -65; -96; -42; -164; -21; nan; nan; 144; 104; -35; 373
4067; 59.449713545186825; 96; 194; 23; -61; -96; -35; -167; -8; nan; nan; 144; 116; -41; 400
4071; 59.58421515954245; 96; 194; 16; -61; -96; -35; -176; 2; nan; nan; 140; 132; -41; 413
4075; 59.71871677389807; 67; 184; 10; -61; -98; -31; -180; 2; nan; nan; 147; 138; -24; 441
4079; 59.8532183882537; 50; 172; 2; -65; -103; -30; -180; -2; nan; nan; 155; 135; 0; 432
4083; 59.98772000260933; 32; 186; 0; -60; -110; -31; -180; -8; nan; nan; 167; 135; 11; 400
4087; 60.12222161696496; 27; 206; 2; -54; -116; -33; -176; -2; nan; nan; 180; 141; 11; 382
4091; 60.25672323132058; 33; 210; 6; -44; -112; -19; -164; 11; nan; nan; 192; 153; -24; 405
4095; 60.391224845676206; 42; 236; 12; -31; -112; -19; -156; 26; nan; nan; 195; 161; -35; 432
4099; 60.525726460031834; nan; nan; 13; -26; -108; -8; -140; 47; nan; nan; 204; 177; -65; 468
4103; 60.66022807438746; nan; nan; 20; -14; -102; 1; -127; 66; nan; nan; 212; 192; -95; 508
4107; 60.79472968874309; nan; nan; 23; -5; -92; 14; -116; 83; nan; nan; 215; 204; -125; 540
4111; 60.92923130309871; nan; nan; 26; -1; -90; 23; -112; 96; nan; nan; 220; 216; nan; nan
4115; 61.06373291745434; nan; nan; 30; 9; -82; 34; -103; 108; nan; nan; 227; 225; nan; nan
4119; 61.198234531809966; nan; nan; 32; 15; -82; 34; -96; 120; nan; nan; 232; 237; nan; nan
4123; 61.332736146165594; nan; nan; 33; 22; -82; 39; -83; 135; nan; nan; 240; 258; nan; nan
4127; 61.467237760521215; nan; nan; 32; 22; -76; 50; nan; nan; nan; nan; 247; 264; nan; nan
4131; 61.60173937487684; nan; nan; 23; 14; -78; 47; -72; 141; nan; nan; 260; 254; nan; nan
4135; 61.73624098923247; nan; nan; 22; 9; -78; 47; -63; 120; nan; nan; 280; 234; nan; nan
4139; 61.8707426035881; nan; nan; 12; -1; -78; 46; -52; 102; nan; nan; 312; 209; -258; 535
4143; 62.005244217943726; nan; nan; 2; -12; -83; 36; -47; 78; nan; nan; 335; 183; -264; 454
4147; 62.13974583229935; nan; nan; -1; -15; -90; 23; -40; 54; nan; nan; 364; 161; -276; 396
4151; 62.274247446654975; -106; 240; -11; -26; -96; 14; -27; 33; nan; nan; 392; 138; -281; 314
4155; 62.4087490610106; -108; 236; -18; -30; -96; 14; -23; 11; nan; nan; 408; 116; -288; 242
4159; 62.54325067536623; -138; 210; -21; -31; -103; 4; -20; 0; nan; nan; 424; 104; -288; 193
4163; 62.67775228972185; -138; 212; -28; -40; -110; -1; -12; -8; nan; nan; 444; 92; -300; 157
4167; 62.81225390407748; -164; 182; -38; -47; -112; -5; -16; -26; nan; nan; 452; 78; -294; 81
4171; 62.94675551843311; -206; 150; -41; -49; -120; -17; -16; -42; nan; nan; 468; 66; -276; 17
4175; 63.081257132788735; -224; 144; -48; -51; -126; -19; -7; -50; nan; nan; 492; 57; -300; -49
4179; 63.21575874714436; -224; 144; -51; -54; -126; -19; -3; -57; nan; nan; 508; 51; -306; -94
4183; 63.350260361499984; -234; 138; -50; -51; -128; -24; 0; -63; nan; nan; 520; 45; -311; -126
4187; 63.48476197585561; -226; 148; -48; -49; -130; -24; 4; -63; nan; nan; 524; 45; -330; -126
4191; 63.61926359021124; -212; 158; -41; -46; -126; -21; 7; -57; nan; nan; 520; 45; -341; -103
4195; 63.75376520456687; -194; 172; -31; -40; -120; -17; 7; -50; nan; nan; 512; 51; -341; -63
4199; 63.88826681892249; -140; 210; -28; -38; -120; -15; 7; -39; nan; nan; 500; 59; -348; -8
4203; 64.02276843327812; -140; 210; -20; -31; -116; -14; 7; -26; nan; nan; 484; 69; -360; 35
4207; 64.15727004763374; -102; 240; -8; -24; -108; -5; 4; -12; nan; nan; 464; 83; -354; 103
4211; 64.29177166198937; nan; nan; -3; -19; -98; 1; 4; 6; nan; nan; 440; 102; -354; 175
4215; 64.426273276345; nan; nan; 10; -5; -98; 1; -3; 23; nan; nan; 412; 125; -354; 234
4219; 64.56077489070063; nan; nan; 23; 7; -93; 7; -7; 57; nan; nan; 384; 156; -341; 346
4223; 64.69527650505626; nan; nan; 27; 9; -80; 28; -16; 87; nan; nan; 352; 189; -341; 454
4227; 64.82977811941187; nan; nan; 32; 15; -73; 36; -27; 111; nan; nan; 324; 213; -330; 540
4231; 64.9642797337675; nan; nan; 27; 9; -70; 44; -36; 120; nan; nan; 304; 222; nan; nan
4235; 65.09878134812313; nan; nan; 22; 4; -76; 38; -40; 111; nan; nan; 304; 213; nan; nan
4239; 65.23328296247875; nan; nan; 13; -5; -78; 31; -36; 90; nan; nan; 328; 189; nan; nan
4243; 65.36778457683438; nan; nan; 3; -15; -78; 31; -32; 66; nan; nan; 352; 165; -294; 504
4247; 65.50228619119001; nan; nan; -1; -21; -83; 22; -23; 45; nan; nan; 375; 138; -300; 450
4251; 65.63678780554564; -78; 240; -10; -30; -92; 9; -16; 21; nan; nan; 400; 116; -300; 378
4255; 65.77128941990127; -92; 226; -16; -35; -100; 0; -16; 2; nan; nan; 408; 99; -311; 292
4259; 65.90579103425688; -113; 206; -20; -40; -108; -8; -16; -12; nan; nan; 424; 87; -306; 229
4263; 66.0402926486125; -128; 184; -26; -46; -112; -14; -16; -26; nan; nan; 435; 75; -306; 171
4267; 66.17479426296813; -138; 176; -30; -51; -112; -14; -12; -36; nan; nan; 444; 66; -294; 121
4271; 66.30929587732376; -172; 142; -31; -54; -113; -19; -16; -47; nan; nan; 448; 54; -300; 89
4275; 66.44379749167939; -172; 142; -33; -56; -118; -26; -12; -57; nan; nan; 460; 45; -288; 40
4279; 66.57829910603502; -194; 132; -36; -54; -118; -26; -3; -63; nan; nan; 475; 35; -288; 0
4283; 66.71280072039065; -190; 148; -36; -51; -120; -28; 4; -69; nan; nan; 495; 30; -306; -31
4287; 66.84730233474627; -178; 156; -30; -49; -116; -24; 15; -63; nan; nan; 508; 30; -336; -67
4291; 66.9818039491019; -172; 148; -33; -63; -112; -21; 15; -57; nan; nan; 488; 35; -366; -63
4295; 67.11630556345752; -162; 123; -36; -72; -116; -28; -12; -63; nan; nan; 440; 38; -360; -31
4299; 67.25080717781314; -156; 77; -43; -92; nan; nan; -52; -77; nan; nan; 380; 42; -311; -13
4303; 67.38530879216877; -154; 50; -50; -106; nan; nan; -107; -92; nan; nan; 315; 51; -204; -13
4307; 67.5198104065244; -132; -3; -53; -111; -140; -58; -160; -98; nan; nan; 260; 66; -120; -4
4311; 67.65431202088003; -132; -3; -63; -128; -154; -68; -212; -98; nan; nan; 207; 83; 0; 31
4315; 67.78881363523566; -113; -63; -80; -148; -172; -79; -268; -102; nan; nan; 160; 99; 131; 85
4319; 67.92331524959128; -118; -93; -88; -158; -218; -107; -328; -102; nan; nan; 115; 116; 203; 107
4323; 68.05781686394691; -126; -139; -103; -178; -222; -111; -392; -105; nan; nan; 72; 132; 336; 153
4327; 68.19231847830254; -130; -210; -123; -196; -222; -111; -452; -108; nan; nan; 35; 147; 461; 184
4331; 68.32682009265815; -144; -215; -128; -198; -254; -130; -508; -108; nan; nan; 12; 165; 546; 198
4335; 68.46132170701378; -148; -234; -138; -206; -306; -152; -548; -108; nan; nan; -12; 173; 636; 220
4339; 68.59582332136941; -146; -238; -136; -206; -290; -144; -560; -105; nan; nan; -20; 177; 708; 242
4343; 68.73032493572504; -138; -220; -132; -201; -310; -152; -560; -105; nan; nan; -16; 177; 750; 256
4347; 68.86482655008066; -138; -220; -118; -194; -304; -152; -540; -108; nan; nan; -7; 171; 720; 242
4351; 68.99932816443629; -113; -192; -106; -184; -298; -148; -516; -108; nan; nan; 7; 161; 678; 238
4355; 69.13382977879192; -90; -146; -93; -176; -276; -139; -492; -108; nan; nan; 20; 153; 618; 238
4359; 69.26833139314755; -88; -128; -83; -166; -256; -130; -460; -105; nan; nan; 32; 147; 570; 238
4363; 69.40283300750318; -78; -104; -76; -155; -256; -130; -432; -102; nan; nan; 44; 138; 528; 238
4367; 69.53733462185879; -61; -90; -66; -148; -230; -118; -400; -98; nan; nan; 60; 128; 473; 229
4371; 69.67183623621442; -70; -61; -60; -139; -208; -106; -372; -98; nan; nan; 80; 123; 420; 229
4375; 69.80633785057005; -72; -40; -51; -128; -200; -102; -336; -95; nan; nan; 104; 114; 360; 220
4379; 69.94083946492567; -70; 4; -46; -120; -182; -90; -300; -92; nan; nan; 132; 104; 281; 202
4383; 70.0753410792813; -78; 30; -41; -106; -164; -76; -256; -90; nan; nan; 167; 96; 233; 193
4387; 70.20984269363693; -83; 52; -33; -92; -164; -76; -212; -84; nan; nan; 204; 87; 161; 171
4391; 70.34434430799256; -92; 69; -31; -88; -150; -63; -176; -77; nan; nan; 235; 80; 101; 157
4395; 70.47884592234819; -102; 85; -31; -77; -138; -51; -144; -71; nan; nan; 272; 75; 30; 144
4399; 70.61334753670381; -112; 98; -31; -70; -132; -42; -112; -66; nan; nan; 315; 71; -30; 125
4403; 70.74784915105943; -156; 138; -31; -63; nan; nan; -80; -60; nan; nan; 355; 66; -90; 99
4407; 70.88235076541505; -156; 138; -33; -54; -128; -35; -52; -57; nan; nan; 395; 63; -155; 71
4411; 71.01685237977068; -166; 148; -31; -54; -123; -26; -32; -50; nan; nan; 432; 63; -215; 40
4415; 71.15135399412631; -144; 136; -31; -60; -120; -26; -27; -47; nan; nan; 424; 66; -251; 35
4419; 71.28585560848194; -138; 120; -33; -68; -122; -28; -47; -50; nan; nan; 392; 69; -228; 53
4423; 71.42035722283757; -134; 110; -33; -76; -122; -28; -72; -60; nan; nan; 355; 69; -174; 67
4427; 71.5548588371932; -126; 96; -33; -81; -128; -35; -96; -63; nan; nan; 324; 75; -120; 81
4431; 71.68936045154882; -108; 77; -36; -92; -132; -44; -127; -69; nan; nan; 280; 78; -78; 99
4435; 71.82386206590445; -83; 52; -40; -102; -140; -51; -160; -71; nan; nan; 240; 87; 0; 125
4439; 71.95836368026006; -70; 22; -41; -109; -156; -68; -200; -74; nan; nan; 200; 96; 66; 157
4443; 72.09286529461569; -70; 22; -50; -123; -160; -72; -244; -77; nan; nan; 155; 104; 143; 189
4447; 72.22736690897132; -53; -21; -58; -136; -160; -72; -288; -77; nan; nan; 120; 116; 216; 211
4451; 72.36186852332695; -48; -42; -60; -139; -174; -81; -336; -81; nan; nan; 84; 128; 293; 238
4455; 72.49637013768258; -41; -60; -68; -150; -192; -93; -380; -81; nan; nan; 60; 141; 360; 261
4459; 72.6308717520382; -38; -77; -72; -154; -220; -107; -416; -81; nan; nan; 35; 150; 426; 288
4463; 72.76537336639383; -38; -84; -72; -152; -224; -106; -432; -77; nan; nan; 24; 153; 461; 297
4467; 72.89987498074946; -31; -68; -66; -150; -220; -106; -428; -77; nan; nan; 32; 153; 486; 306
4471; 73.03437659510507; -31; -68; -63; -148; -220; -106; -416; -77; nan; nan; 40; 150; 473; 301
4475; 73.1688782094607; -30; -65; -63; -148; -216; -104; -408; -77; nan; nan; 35; 147; 450; 297
4479; 73.30337982381633; -16; -58; -63; -146; -216; -106; -408; -77; nan; nan; 35; 147; 443; 297
4483; 73.43788143817196; -16; -54; -56; -139; -216; -106; -412; -74; nan; nan; 35; 153; 443; 301
4487; 73.57238305252758; 32; 0; -51; -136; -216; -102; -416; -69; nan; nan; 27; 159; 443; 314
4491; 73.70688466688321; 60; 34; -36; -120; -206; -92; -412; -50; nan; nan; 15; 171; 431; 346
4495; 73.84138628123884; 103; 98; -20; -100; -192; -79; -416; -26; nan; nan; 4; 189; 413; 391
4499; 73.97588789559447; 134; 152; -11; -90; -178; -60; -416; 2; nan; nan; -12; 206; 396; 441
4503; 74.1103895099501; 180; 234; 2; -68; -176; -58; -416; 35; nan; nan; -23; 230; 366; 535
4507; 74.24489112430571; 180; 234; 22; -38; -176; -58; -400; 78; nan; nan; -36; 258; nan; nan
4511; 74.37939273866134; nan; nan; 26; -28; -144; -10; -396; 120; nan; nan; -43; 288; nan; nan
4515; 74.51389435301697; nan; nan; 36; -8; -132; 14; nan; nan; nan; nan; -56; 315; nan; nan
4519; 74.6483959673726; nan; nan; 46; 14; -122; 36; nan; nan; nan; nan; -72; 345; nan; nan
4523; 74.78289758172822; nan; nan; 50; 25; -118; 60; nan; nan; nan; nan; nan; nan; nan; nan
4527; 74.91739919608385; nan; nan; 57; 52; -108; 88; nan; nan; nan; nan; nan; nan; nan; nan
4531; 75.05190081043948; nan; nan; 66; 77; -108; 88; nan; nan; nan; nan; nan; nan; nan; nan
4535; 75.1864024247951; nan; nan; 67; 85; -100; 114; nan; nan; nan; nan; nan; nan; nan; nan
4539; 75.32090403915073; nan; nan; 73; 98; -98; 128; nan; nan; nan; nan; nan; nan; nan; nan
4543; 75.45540565350635; nan; nan; 73; 106; -93; 144; nan; nan; nan; nan; nan; nan; nan; nan
4547; 75.58990726786197; nan; nan; 76; 110; -93; 144; nan; nan; nan; nan; nan; nan; nan; nan
4551; 75.7244088822176; nan; nan; 73; 107; nan; nan; nan; nan; nan; nan; nan; nan; nan; nan
4555; 75.85891049657323; nan; nan; 72; 102; nan; nan; nan; nan; nan; nan; nan; nan; nan; nan
4559; 75.99341211092886; nan; nan; 73; 99; nan; nan; nan; nan; nan; nan; nan; nan; nan; nan
4563; 76.12791372528449; nan; nan; 70; 88; -92; 146; nan; nan; nan; nan; nan; nan; nan; nan
4567; 76.26241533964011; nan; nan; 66; 74; nan; nan; nan; nan; nan; nan; nan; nan; nan; nan
4571; 76.39691695399574; nan; nan; 63; 66; -92; 136; nan; nan; nan; nan; nan; nan; nan; nan
4575; 76.53141856835137; nan; nan; 60; 46; -98; 112; nan; nan; nan; nan; nan; nan; nan; nan
4579; 76.66592018270698; nan; nan; 53; 34; -98; 99; nan; nan; nan; nan; nan; nan; nan; nan
4583; 76.80042179706261; nan; nan; 50; 22; -103; 64; nan; nan; nan; nan; nan; nan; nan; nan
4587; 76.93492341141824; nan; nan; 42; 4; -103; 61; nan; nan; nan; nan; -47; 360; nan; nan
4591; 77.06942502577387; nan; nan; 33; -10; -103; 61; nan; nan; nan; nan; -32; 333; nan; nan
4595; 77.2039266401295; nan; nan; 32; -17; -108; 42; nan; nan; nan; nan; -20; 303; nan; nan
4599; 77.33842825448512; nan; nan; 26; -31; -112; 25; -324; 128; nan; nan; 0; 279; nan; nan
4603; 77.47292986884075; nan; nan; 16; -46; -120; 4; -324; 111; nan; nan; 7; 254; nan; nan
4607; 77.60743148319638; 150; 240; 13; -49; -128; -10; -312; 87; nan; nan; 27; 237; nan; nan
4611; 77.741933097552; 130; 214; 7; -60; -132; -24; -308; 66; nan; nan; 35; 219; nan; nan
4615; 77.87643471190762; 100; 172; 2; -70; -132; -24; -304; 47; nan; nan; 44; 204; nan; nan
4619; 78.01093632626325; 100; 176; -3; -77; -140; -33; -304; 30; nan; nan; 52; 192; 186; 540
4623; 78.14543794061888; 83; 156; -10; -81; -144; -42; -304; 18; nan; nan; 60; 183; 191; 517
4627; 78.2799395549745; 66; 130; -13; -88; -146; -42; -300; 2; nan; nan; 67; 173; 198; 495
4631; 78.41444116933013; 60; 122; -18; -92; -146; -42; -300; -5; nan; nan; 72; 165; 210; 459
4635; 78.54894278368576; 37; 102; -20; -92; -154; -51; -300; -12; nan; nan; 80; 165; 221; 436
4639; 78.68344439804139; 37; 102; -26; -98; -154; -54; -296; -21; nan; nan; 87; 159; 216; 418
4643; 78.81794601239702; 3; 72; -30; -104; -160; -61; -292; -29; nan; nan; 95; 150; 221; 400
4647; 78.95244762675264; -8; 61; -33; -104; -166; -65; -292; -39; nan; nan; 104; 144; 228; 364
4651; 79.08694924110826; -21; 50; -36; -106; -164; -65; -288; -47; nan; nan; 112; 138; 233; 337
4655; 79.22145085546389; -33; 38; -41; -111; -164; -65; -284; -53; nan; nan; 115; 132; 233; 314
4659; 79.35595246981951; -50; 23; -43; -111; -166; -70; -284; -60; nan; nan; 124; 125; 240; 301
4663; 79.49045408417514; -56; 14; -50; -118; -172; -74; -280; -69; nan; nan; 132; 120; 240; 274
4667; 79.62495569853077; -82; -15; -53; -120; -174; -77; -276; -77; nan; nan; 140; 114; 246; 252
4671; 79.7594573128864; -70; 1; -53; -122; -178; -79; -276; -81; nan; nan; 147; 111; 246; 220
4675; 79.89395892724202; -70; 1; -50; -118; -178; -79; -276; -81; nan; nan; 140; 111; 246; 202
4679; 80.02846054159765; -43; 12; -46; -116; -178; -79; -280; -74; nan; nan; 135; 116; 251; 198
4683; 80.16296215595327; -30; 28; -43; -114; -176; -76; -284; -69; nan; nan; 127; 123; 251; 216
4687; 80.2974637703089; -10; 42; -38; -109; -174; -74; -292; -63; nan; nan; 120; 128; 258; 234
4691; 80.43196538466452; -1; 55; -33; -104; -174; -74; -304; -50; nan; nan; 100; 138; 258; 256
4695; 80.56646699902015; 23; 69; -30; -104; -168; -70; -308; -42; nan; nan; 87; 150; 258; 283
4699; 80.70096861337578; 37; 76; -28; -100; -170; -65; -316; -29; nan; nan; 75; 159; 258; 337
4703; 80.8354702277314; 43; 92; -21; -98; -168; -61; -332; -23; nan; nan; 60; 165; 263; 364
4707; 80.96997184208703; 76; 123; -21; -92; -170; -60; -340; -15; nan; nan; 52; 173; 276; 396
4711; 81.10447345644266; 93; 144; -18; -90; -166; -56; -344; -2; nan; nan; 40; 183; 281; 413
4715; 81.23897507079829; 103; 158; -10; -79; -168; -56; -352; 11; nan; nan; 27; 195; 281; 436
4719; 81.3734766851539; 132; 194; -6; -74; -158; -44; -356; 30; nan; nan; 20; 209; 281; 472
4723; 81.50797829950953; 147; 220; 2; -63; -154; -33; -360; 47; nan; nan; 7; 222; 281; 508
4727; 81.64247991386516; 144; 226; 7; -51; nan; nan; -364; 69; nan; nan; 0; 240; 276; 540
4731; 81.77698152822079; nan; nan; 12; -44; -140; -12; -368; 87; nan; nan; -12; 254; nan; nan
4735; 81.91148314257642; nan; nan; 20; -33; -140; -1; -368; 114; nan; nan; -16; 273; nan; nan
4739; 82.04598475693204; nan; nan; 26; -17; -140; -1; -368; 123; nan; nan; -23; 291; nan; nan
4743; 82.18048637128767; nan; nan; 30; -15; -128; 12; nan; nan; nan; nan; -32; 306; nan; nan
4747; 82.3149879856433; nan; nan; 36; -3; -123; 28; nan; nan; nan; nan; -36; 324; nan; nan
4751; 82.44948959999893; nan; nan; 43; 14; -123; 28; nan; nan; nan; nan; -43; 342; nan; nan
4755; 82.58399121435454; nan; nan; 46; 20; -118; 39; nan; nan; nan; nan; -56; 360; nan; nan
4759; 82.71849282871017; nan; nan; 50; 34; -118; 50; nan; nan; nan; nan; nan; nan; nan; nan
4763; 82.8529944430658; nan; nan; 53; 42; -108; 61; nan; nan; nan; nan; nan; nan; nan; nan
4767; 82.98749605742142; nan; nan; 56; 46; -103; 77; nan; nan; nan; nan; nan; nan; nan; nan
4771; 83.12199767177705; nan; nan; 62; 58; -98; 90; nan; nan; nan; nan; nan; nan; nan; nan
4775; 83.25649928613268; nan; nan; 66; 68; -98; 90; nan; nan; nan; nan; nan; nan; nan; nan
4779; 83.39100090048831; nan; nan; 66; 74; -90; 102; nan; nan; nan; nan; nan; nan; nan; nan
4783; 83.52550251484394; nan; nan; 72; 80; nan; nan; nan; nan; nan; nan; nan; nan; nan; nan
4787; 83.66000412919956; nan; nan; 73; 88; nan; nan; nan; nan; nan; nan; nan; nan; nan; nan
4791; 83.79450574355518; nan; nan; 76; 90; nan; nan; nan; nan; nan; nan; nan; nan; nan; nan
4795; 83.9290073579108; nan; nan; 76; 94; nan; nan; nan; nan; nan; nan; nan; nan; nan; nan
4799; 84.06350897226643; nan; nan; 77; 96; nan; nan; nan; nan; nan; nan; nan; nan; nan; nan
4803; 84.19801058662206; nan; nan; 77; 98; -60; 134; nan; nan; nan; nan; nan; nan; nan; nan
4807; 84.33251220097769; nan; nan; 77; 99; -58; 134; nan; nan; nan; nan; nan; nan; nan; nan
4811; 84.46701381533332; nan; nan; 77; 99; -53; 134; nan; nan; nan; nan; nan; nan; nan; nan
4815; 84.60151542968894; nan; nan; 77; 102; -51; 134; nan; nan; nan; nan; nan; nan; nan; nan
4819; 84.73601704404457; nan; nan; 77; 104; -51; 134; nan; nan; nan; nan; nan; nan; nan; nan
4823; 84.8705186584002; nan; nan; 77; 106; -46; 138; nan; nan; nan; nan; nan; nan; nan; nan
4827; 85.00502027275581; nan; nan; 77; 106; -41; 136; nan; nan; nan; nan; nan; nan; nan; nan
4831; 85.13952188711144; nan; nan; 76; 106; -40; 138; nan; nan; nan; nan; nan; nan; nan; nan
4835; 85.27402350146707; nan; nan; 76; 107; -40; 138; nan; nan; nan; nan; nan; nan; nan; nan
4839; 85.4085251158227; nan; nan; 73; 107; -36; 136; nan; nan; nan; nan; nan; nan; nan; nan
4843; 85.54302673017833; nan; nan; 72; 107; -38; 138; nan; nan; nan; nan; nan; nan; nan; nan
4847; 85.67752834453395; nan; nan; 70; 107; -36; 136; nan; nan; nan; nan; nan; nan; nan; nan
4851; 85.81202995888958; nan; nan; 67; 106; -33; 136; nan; nan; nan; nan; nan; nan; nan; nan
4855; 85.94653157324521; nan; nan; 66; 106; -33; 132; nan; nan; nan; nan; nan; nan; nan; nan
4859; 86.08103318760084; nan; nan; 62; 102; -33; 134; nan; nan; nan; nan; nan; nan; nan; nan
4863; 86.21553480195645; nan; nan; 57; 96; -33; 132; nan; nan; nan; nan; nan; nan; nan; nan
4867; 86.35003641631208; nan; nan; 52; 88; -36; 123; nan; nan; nan; nan; nan; nan; nan; nan
